{
  "quickStarts": [
    {
      "title": "ms-resource:quickStart1.title",
      "description": "ms-resource:quickStart1.des",
      "icon": "BaseImages.Info",
      "links": [
        {
          "text": "ms-resource:quickStart1.link1.text",
          "uri": "http://go.microsoft.com/fwlink/?LinkID=761227&clcid=0x409"
        },
        {
          "text": "ms-resource:quickStart1.link2.text",
          "uri": "http://go.microsoft.com/fwlink/?LinkID=761188&clcid=0x409"
        }
      ]
    },
    {
      "title": "ms-resource:quickStart2.title",
      "description": "ms-resource:quickStart2.des",
      "icon": "BaseImages.Publish",
      "links": [
        {
          "text": "ms-resource:quickStart2.link1.text",
          "uri": "http://go.microsoft.com/fwlink/?LinkID=761187&clcid=0x409"
        },
        {
          "text": "ms-resource:quickStart2.link2.text",
          "uri": "http://go.microsoft.com/fwlink/?LinkId=698895"
        }
      ]
    },
    {
      "title": "ms-resource:quickStart3.title",
      "description": "ms-resource:quickStart3.des",
      "icon": "BaseImages.Tools",
      "links": [
        {
          "text": "ms-resource:quickStart3.link1.text",
          "uri": "http://go.microsoft.com/fwlink/?LinkID=761186&clcid=0x409"
        }
      ]
    }
  ]
}