{
  "specType": "Microsoft.ProjectOxford/emotionApi",
  "specs": [
    {
      "id": "F0",
      "colorScheme": "mediumBlue",
      "title": "ms-resource:spec.f0.title",
      "specCode": "F0",
      "promotedFeatures": [
        {
          "value": "20",
          "unitDescription": "ms-resource:spec.promotedFeature.unitDescription1"
        },
        {
          "value": "30K",
          "unitDescription": "ms-resource:spec.promotedFeature.unitDescription2"
        }
      ],
      "features": [
        {
          "id": "Recognition"
        }
      ],
      "cost": {
        "amount": 0.0,
        "currencyCode": "USD",
        "caption": "ms-resource:spec.cost.f0.caption.format"
      }
    },
    {
      "id": "S0",
      "colorScheme": "mediumBlue",
      "title": "ms-resource:spec.s0.title",
      "specCode": "S0",
      "promotedFeatures": [
        {
          "value": "10",
          "unitDescription": "ms-resource:spec.promotedFeature.unitDescription3"
        }
      ],
      "features": [
        {
          "id": "Recognition"
        }
      ],
      "cost": {
        "caption": "ms-resource:spec.cost.s0.caption.format"
      }
    }
  ],
  "features": [
    {
      "id": "Recognition",
      "displayName": "ms-resource:feature.recognition.displayName",
      "iconSvgData": "ms-icon:spec.feature.recognition.svg"
    }
  ],
  "resourceMap": {
    "default": [
      {
        "id": "S0",
        "firstParty": [
          {
            "resourceId": "y8fx4nayo1qgebq1qc8rjd83pcjs8g6od8ax4nayrti71j3x5pdwtc7y4imyqeyy6a",
            "quantity": 1.0
          }
        ]
      }
    ]
  },
  "specsToAllowZeroCost": [
    "F0"
  ]
}